<?xml version="1.0" encoding="utf-8" ?>
<dwsync>
<file name="tnb1.jpg" server="C:/AppServ/www/PHP05/" local="129457511903152995" remote="129457511900000000" />
<file name="tnb2.jpg" server="C:/AppServ/www/PHP05/" local="129457511983309245" remote="129457511980000000" />
<file name="tnb3.jpg" server="C:/AppServ/www/PHP05/" local="129457514029871745" remote="129457514020000000" />
<file name="tnb4.jpg" server="C:/AppServ/www/PHP05/" local="129457514286277995" remote="129457514280000000" />
<file name="tm1.jpg" server="C:/AppServ/www/PHP05/" local="129457525717840495" remote="129457525710000000" />
<file name="tm2.jpg" server="C:/AppServ/www/PHP05/" local="129457525864402995" remote="129457525860000000" />
<file name="tm3.jpg" server="C:/AppServ/www/PHP05/" local="129457526619559245" remote="129457526610000000" />
<file name="tm4.jpg" server="C:/AppServ/www/PHP05/" local="129457527016746745" remote="129457527010000000" />
<file name="tm5.jpg" server="C:/AppServ/www/PHP05/" local="129457527336746745" remote="129457527330000000" />
</dwsync>